iter,status,SSE,SSE_next,improve_ratio,a,s,step_norm,cond,b1,b2,b3,b4,b5
0,DENY,87848.85333348386,inf,-inf,0.11702022120228292,0.8256945828956168,0.324584018505649,33000.99985980006,50.0,150.0,-100.0,1.0,2.0
