iter,status,SSE,SSE_next,improve_ratio,a,s,step_norm,cond,b1,b2,b3,b4,b5
0,CLASSICAL_STEP,87848.85333348386,inf,-inf,1.0,0.0,0.324584018505649,33000.99985980006,50.0,150.0,-100.0,1.0,2.0
1,NUMERIC_FAIL,inf,nan,nan,0.0,0.0,inf,inf,0.6174192867611055,125.12687496496584,-124.87541883279005,-2.441825434914647,2.000104113550089
