iter,status,SSE,SSE_next,improve_ratio,a,s,step_norm,cond,b1,b2,b3,b4,b5
0,ALLOW,0.8790262935446405,0.0018986812701421928,0.9978400176603526,0.5450393033390557,0.3620289918997657,0.1105504794453941,17747.006345939088,0.5,1.5,-1.0,0.01,0.02
1,ALLOW,0.0018986812701421928,0.008397937624978258,-3.4230370610594023,0.1216285885565174,1.0612958739773315,0.2885083898310723,11960.585132649634,0.3783462650255902,1.3670148511351081,-0.8986861459231452,0.011511972938190031,0.025438412632574358
2,ALLOW,0.008397937624978258,0.00011095305922663551,0.9867880586661391,0.5318185850344657,1.4050958821019355,0.1449470755107488,13010.539231075345,0.3751208934687948,1.7111414958865918,-1.2397256981524434,0.012591496830120914,0.022244112615835213
3,ALLOW,0.00011095305922663551,5.464920585455947e-05,0.5074565204828501,0.48512803830302914,1.7032625682547191,0.002701302346147791,15410.062509162519,0.37545619333373864,1.9309648507339796,-1.4598486723448596,0.012886440726723371,0.022113531416698785
4,ALLOW,5.464920585455947e-05,5.464894697550973e-05,4.737105428949539e-06,0.3726580194308019,2.001304607763237,0.00010233936463331312,15559.081195270626,0.37540882237088724,1.9356662960821767,-1.46450551250891,0.012867089590032191,0.022123399438054095
5,CONVERGED_ALLOW,5.464894697550973e-05,5.464894697483174e-05,1.2406319125242948e-11,1.0,2.001304607763237,1.8865359679397254e-06,15559.992935337954,0.3754100278320088,1.9358435417375643,-1.4646837519737916,0.012867528074636102,0.022122713702951113
